api_url,days,local_file,organization_id,project_name,query,root_run_id,thread_id,tracing_project_id,travelplan_title,validation_attempts,validation_passed,workspace_id
https://eu.api.smith.langchain.com,5,travel_agent/run-019e30e2-040b-79d2-b82e-a5ca9c720ad1.json,477adfd8-a90b-45c3-95f6-1375325770e8,travelplanner,"My partner and I are planning a 5-day trip from Munich to Vienna from July 10th to 14th, 2026. We have a total budget of €1,200. We enjoy visiting museums, trying local food, and exploring the city on foot. Please suggest accommodations and a daily itinerary.",019e30e2-040b-79d2-b82e-a5ca9c720ad1,1665af40-4b03-45b0-9de8-d03aac32994f,d92c06e8-225e-4665-a627-fdf375468f7c,"Munich to Vienna, 5 days, July 10–14 2026",2,True,06241d75-72ec-4af5-b325-52629e7730a0
https://eu.api.smith.langchain.com,8,travel_agent/run-019e30e9-5a48-7d21-8141-76c25d06e1d0.json,477adfd8-a90b-45c3-95f6-1375325770e8,travelplanner,"We are a family of 4 (2 adults, a 4-year-old and a 10-year-old) flying from Berlin to Barcelona from August 1st to 8th, 2026. Our budget is €3,500. We want a family-friendly apartment or family room, enjoy the beach, sightseeing, and trying local restaurants. Please plan our trip.",019e30e9-5a48-7d21-8141-76c25d06e1d0,75d18508-a58a-4b3d-b6c3-8f98343efd9f,d92c06e8-225e-4665-a627-fdf375468f7c,"Barcelona family trip, Aug 1-8 2026",1,True,06241d75-72ec-4af5-b325-52629e7730a0
https://eu.api.smith.langchain.com,3,travel_agent/run-019e30f0-c457-7b72-9ad9-01656f704cdc.json,477adfd8-a90b-45c3-95f6-1375325770e8,travelplanner,"I need to travel from Frankfurt to New York for a business trip from June 15th to 17th, 2026. No strict budget — company covers it. I need a central business hotel, a direct or short-connection flight, and restaurant recommendations suitable for client dinners.",019e30f0-c457-7b72-9ad9-01656f704cdc,1df2a856-1e25-4921-a93e-a02c1c1257a9,d92c06e8-225e-4665-a627-fdf375468f7c,"Frankfurt to New York Business Trip, June 15–17, 2026",1,True,06241d75-72ec-4af5-b325-52629e7730a0
https://eu.api.smith.langchain.com,12,travel_agent/run-019e30f5-baf1-73e3-9d80-fac667a9d285.json,477adfd8-a90b-45c3-95f6-1375325770e8,travelplanner,"Six of us are flying from Munich to Tokyo from September 20th to 30th, 2026. Our total group budget is €9,000. We are all in our late 20s and love anime, Japanese street food, exploring temples, and experiencing the nightlife. We prefer a hotel or hostel with shared spaces so we can hang out together. Please plan the trip.",019e30f5-baf1-73e3-9d80-fac667a9d285,c78a54be-a5c4-4f1f-924c-fb9eb3b00392,d92c06e8-225e-4665-a627-fdf375468f7c,Tokyo strict-budget trip — 6 adults — Sep 20–30 2026,3,True,06241d75-72ec-4af5-b325-52629e7730a0
https://eu.api.smith.langchain.com,3,travel_agent/run-019e3139-9620-78e2-9742-b53189867ea9.json,477adfd8-a90b-45c3-95f6-1375325770e8,travelplanner,"My partner and I want a quick weekend getaway from Cologne to Copenhagen from June 6th to 8th, 2026. Budget is €2,000 for two. We are into Scandinavian design, architecture, and New Nordic food. We would love a stylish boutique hotel and recommendations for the best restaurants and design museums.",019e3139-9620-78e2-9742-b53189867ea9,ab1c48a7-8d2b-49ee-9868-5097cebf14f8,d92c06e8-225e-4665-a627-fdf375468f7c,"Cologne to Copenhagen Design & New Nordic Weekend, June 6–8 2026",1,True,06241d75-72ec-4af5-b325-52629e7730a0
https://eu.api.smith.langchain.com,8,travel_agent/run-019e3140-2290-7743-b923-de2df567958e.json,477adfd8-a90b-45c3-95f6-1375325770e8,travelplanner,"My husband and I (both in our mid-60s) would like to visit Marrakech from July 5th to 12th, 2026, flying from Hamburg. Our budget is €3,000. We enjoy history, architecture, local food markets, and would love a stay in a traditional riad. We prefer a relaxed pace with guided tours rather than rushing around. Please suggest an itinerary.",019e3140-2290-7743-b923-de2df567958e,27d9e1ea-bbf0-4faf-99bf-3a96c9d58cad,d92c06e8-225e-4665-a627-fdf375468f7c,"Relaxed Marrakech riad trip for 2 from Hamburg, 5–12 July 2026",2,True,06241d75-72ec-4af5-b325-52629e7730a0
https://eu.api.smith.langchain.com,12,travel_agent/run-019e3150-02bf-7471-8e63-f12ad2e4bcb4.json,477adfd8-a90b-45c3-95f6-1375325770e8,travelplanner,"My partner and I are going on our honeymoon to the Maldives from October 10th to 20th, 2026. We have a budget of €8,000 and want a luxury overwater bungalow or high-end beach resort. We love snorkelling, diving, spa treatments, and romantic sunset dinners. Please plan the full trip including flights from Berlin.",019e3150-02bf-7471-8e63-f12ad2e4bcb4,1cafa93c-cb33-4393-a210-c1527aedcdb0,d92c06e8-225e-4665-a627-fdf375468f7c,"Maldives Honeymoon: Berlin to Centara Ras Fushi Resort & Spa, 10–20 Oct 2026",1,True,06241d75-72ec-4af5-b325-52629e7730a0
https://eu.api.smith.langchain.com,4,travel_agent/run-019e3160-f2d0-71e2-9549-5b51d9dd2a4b.json,477adfd8-a90b-45c3-95f6-1375325770e8,travelplanner,"My partner and I are travelling from Cologne to Amsterdam from October 3rd to 6th, 2026. Budget is €2,000 for two. We follow a strictly vegan diet and only want to eat at vegan or fully plant-based restaurants. We prefer sustainable, eco-certified accommodation. We love cycling, vegan food markets, and eco-friendly activities. Train travel is preferred over flying.",019e3160-f2d0-71e2-9549-5b51d9dd2a4b,cdf0dca5-6c98-4138-8f47-f3011dfa953a,d92c06e8-225e-4665-a627-fdf375468f7c,"Vegan Eco Amsterdam Trip for Two — Cologne to Amsterdam, Oct 3–6 2026",3,True,06241d75-72ec-4af5-b325-52629e7730a0
https://eu.api.smith.langchain.com,8,travel_agent/run-019e316b-92a9-7710-8b5f-68fffa29eed2.json,477adfd8-a90b-45c3-95f6-1375325770e8,travelplanner,"I am a solo traveller flying from Hamburg to La Palma in the Canary Islands from November 12th to 19th, 2026. My budget is €2,000. I am passionate about astronomy and stargazing — I specifically want to stay near the Roque de los Muchachos observatory. Please suggest accommodation in a dark sky area, stargazing tours, and hiking options.",019e316b-92a9-7710-8b5f-68fffa29eed2,aeb27ff7-ab7d-4164-aca5-6633c26c24d6,d92c06e8-225e-4665-a627-fdf375468f7c,"La Palma Dark Sky Astronomy Trip — Hamburg to La Palma, 12–19 Nov 2026",1,True,06241d75-72ec-4af5-b325-52629e7730a0
https://eu.api.smith.langchain.com,6,travel_agent/run-019e3172-4f4b-7710-9792-eb015e3252b0.json,477adfd8-a90b-45c3-95f6-1375325770e8,travelplanner,"I am travelling with my partner from Munich to Barcelona from September 5th to 10th, 2026. I am a wheelchair user and need full accessibility throughout — wheelchair-accessible flights and seating, a hotel with a roll-in shower and lift access, and activities reachable by wheelchair. Budget is €4,000. We love Gaudí architecture, accessible beaches, and local food. Please plan a fully accessible trip.",019e3172-4f4b-7710-9792-eb015e3252b0,9eb2a873-c78b-4934-acc8-2286582d96dc,d92c06e8-225e-4665-a627-fdf375468f7c,"Fully accessible Barcelona trip for 2 from Munich, 5–10 September 2026",1,True,06241d75-72ec-4af5-b325-52629e7730a0
https://eu.api.smith.langchain.com,6,travel_agent/run-019e3178-3456-7aa0-804a-832c6ff0f889.json,477adfd8-a90b-45c3-95f6-1375325770e8,travelplanner,"I want to travel from Frankfurt to Dublin from September 5th to 10th, 2026, without taking any flights — I prefer to travel by car and ferry. My budget is €3,000. I am travelling solo and looking for a hostel or cheap hotel. I love hiking, coastal landscapes, and visiting local pubs.",019e3178-3456-7aa0-804a-832c6ff0f889,4614bdfe-c385-4385-9c0b-04a510214a10,d92c06e8-225e-4665-a627-fdf375468f7c,"Frankfurt to Dublin by Car and Ferry — September 5–10, 2026",1,True,06241d75-72ec-4af5-b325-52629e7730a0
https://eu.api.smith.langchain.com,21,travel_agent/run-019e317e-c71c-73f0-a34e-3a3b57357b6c.json,477adfd8-a90b-45c3-95f6-1375325770e8,travelplanner,"I am travelling solo from Munich to Cape Town for 3 weeks from June 1st to 21st, 2026. My total budget is €4,000 including flights. I will stay in hostels, love hiking (Table Mountain, Cape Point), wildlife, and surfing. I want to experience local culture and meet other travellers. Please help me plan this trip on a tight budget.",019e317e-c71c-73f0-a34e-3a3b57357b6c,0a464cd8-a08e-4d26-8b78-48de32de8a40,d92c06e8-225e-4665-a627-fdf375468f7c,"Cape Town solo budget adventure — Munich to Cape Town, 1–21 June 2026",1,True,06241d75-72ec-4af5-b325-52629e7730a0
https://eu.api.smith.langchain.com,4,travel_agent/run-019e3189-15cd-7f10-9641-da0bfeef29b2.json,477adfd8-a90b-45c3-95f6-1375325770e8,travelplanner,"I am travelling solo from Stuttgart to Prague from June 20th to 23rd, 2026 on a very tight budget of only €250 total. I am happy to stay in a shared hostel dorm. I prefer to travel by bus or carpooling rather than flying. I am interested in free or cheap attractions, street food, and the historical old town. Please plan the most budget-efficient trip possible.",019e3189-15cd-7f10-9641-da0bfeef29b2,138cc3e8-4655-4888-a014-19463ae83e59,d92c06e8-225e-4665-a627-fdf375468f7c,"Stuttgart to Prague ultra-budget solo trip, 20–23 June 2026",1,True,06241d75-72ec-4af5-b325-52629e7730a0
https://eu.api.smith.langchain.com,8,travel_agent/run-019e319b-12cf-77f1-ba10-95817e5a4aa5.json,477adfd8-a90b-45c3-95f6-1375325770e8,travelplanner,"We are two families and one couple going to Ibiza from Dusseldorf from August 15th to 22nd, 2026 — 6 adults, a toddler (2 years old) and a 9-year-old. Total budget is €12,000. We need a villa with a pool big enough for all of us. The families want beach days and child-friendly activities; the couple wants to enjoy the nightlife. Please plan accommodation and a joint itinerary that works for everyone.",019e319b-12cf-77f1-ba10-95817e5a4aa5,26f475de-7862-44f9-b5c4-876d50bc6ed7,d92c06e8-225e-4665-a627-fdf375468f7c,"Ibiza family-and-couple trip, 15–22 August 2026",1,True,06241d75-72ec-4af5-b325-52629e7730a0
https://eu.api.smith.langchain.com,3,travel_agent/run-019e31a3-434b-7083-8b8c-e909e9119ac5.json,477adfd8-a90b-45c3-95f6-1375325770e8,travelplanner,"I am already in Rome for a business trip and have 3 unexpected free days from July 5th to 8th, 2026. No flights or hotel needed — I already have both. I have €400 to spend on activities, food, and experiences. I love Roman history, street food, and discovering hidden gems off the tourist trail. Please suggest the best way to spend these 3 days.",019e31a3-434b-7083-8b8c-e909e9119ac5,77d47fbb-7830-4f91-8694-8fcbbab780d6,d92c06e8-225e-4665-a627-fdf375468f7c,"Rome Hidden History & Street Food — July 5-7, 2026",1,True,06241d75-72ec-4af5-b325-52629e7730a0
